uid,mail,givenName,sn
"kb4_cel_001","kb4_cel_001@celepar.pr.gov.br","Usuario","001 KB4 Carga"
"kb4_cel_002","kb4_cel_002@celepar.pr.gov.br","Usuario","002 KB4 Carga"
"kb4_cel_003","kb4_cel_003@celepar.pr.gov.br","Usuario","003 KB4 Carga"
"kb4_cel_004","kb4_cel_004@celepar.pr.gov.br","Usuario","004 KB4 Carga"
"kb4_cel_005","kb4_cel_005@celepar.pr.gov.br","Usuario","005 KB4 Carga"
"kb4_cel_006","kb4_cel_006@celepar.pr.gov.br","Usuario","006 KB4 Carga"
"kb4_cel_007","kb4_cel_007@celepar.pr.gov.br","Usuario","007 KB4 Carga"
"kb4_cel_008","kb4_cel_008@celepar.pr.gov.br","Usuario","008 KB4 Carga"
"kb4_cel_009","kb4_cel_009@celepar.pr.gov.br","Usuario","009 KB4 Carga"
"kb4_cel_010","kb4_cel_010@celepar.pr.gov.br","Usuario","010 KB4 Carga"
"kb4_cel_011","kb4_cel_011@celepar.pr.gov.br","Usuario","011 KB4 Carga"
"kb4_cel_012","kb4_cel_012@celepar.pr.gov.br","Usuario","012 KB4 Carga"
"kb4_cel_013","kb4_cel_013@celepar.pr.gov.br","Usuario","013 KB4 Carga"
"kb4_cel_014","kb4_cel_014@celepar.pr.gov.br","Usuario","014 KB4 Carga"
"kb4_cel_015","kb4_cel_015@celepar.pr.gov.br","Usuario","015 KB4 Carga"
"kb4_cel_016","kb4_cel_016@celepar.pr.gov.br","Usuario","016 KB4 Carga"
"kb4_cel_017","kb4_cel_017@celepar.pr.gov.br","Usuario","017 KB4 Carga"
"kb4_cel_018","kb4_cel_018@celepar.pr.gov.br","Usuario","018 KB4 Carga"
"kb4_cel_019","kb4_cel_019@celepar.pr.gov.br","Usuario","019 KB4 Carga"
"kb4_cel_020","kb4_cel_020@celepar.pr.gov.br","Usuario","020 KB4 Carga"
"kb4_cel_021","kb4_cel_021@celepar.pr.gov.br","Usuario","021 KB4 Carga"
"kb4_cel_022","kb4_cel_022@celepar.pr.gov.br","Usuario","022 KB4 Carga"
"kb4_cel_023","kb4_cel_023@celepar.pr.gov.br","Usuario","023 KB4 Carga"
"kb4_cel_024","kb4_cel_024@celepar.pr.gov.br","Usuario","024 KB4 Carga"
"kb4_cel_025","kb4_cel_025@celepar.pr.gov.br","Usuario","025 KB4 Carga"
"kb4_cel_026","kb4_cel_026@celepar.pr.gov.br","Usuario","026 KB4 Carga"
"kb4_cel_027","kb4_cel_027@celepar.pr.gov.br","Usuario","027 KB4 Carga"
"kb4_cel_028","kb4_cel_028@celepar.pr.gov.br","Usuario","028 KB4 Carga"
"kb4_cel_029","kb4_cel_029@celepar.pr.gov.br","Usuario","029 KB4 Carga"
"kb4_cel_030","kb4_cel_030@celepar.pr.gov.br","Usuario","030 KB4 Carga"
"kb4_cel_031","kb4_cel_031@celepar.pr.gov.br","Usuario","031 KB4 Carga"
"kb4_cel_032","kb4_cel_032@celepar.pr.gov.br","Usuario","032 KB4 Carga"
"kb4_cel_033","kb4_cel_033@celepar.pr.gov.br","Usuario","033 KB4 Carga"
"kb4_cel_034","kb4_cel_034@celepar.pr.gov.br","Usuario","034 KB4 Carga"
"kb4_cel_035","kb4_cel_035@celepar.pr.gov.br","Usuario","035 KB4 Carga"
"kb4_cel_036","kb4_cel_036@celepar.pr.gov.br","Usuario","036 KB4 Carga"
"kb4_cel_037","kb4_cel_037@celepar.pr.gov.br","Usuario","037 KB4 Carga"
"kb4_cel_038","kb4_cel_038@celepar.pr.gov.br","Usuario","038 KB4 Carga"
"kb4_cel_039","kb4_cel_039@celepar.pr.gov.br","Usuario","039 KB4 Carga"
"kb4_cel_040","kb4_cel_040@celepar.pr.gov.br","Usuario","040 KB4 Carga"
"kb4_cel_041","kb4_cel_041@celepar.pr.gov.br","Usuario","041 KB4 Carga"
"kb4_cel_042","kb4_cel_042@celepar.pr.gov.br","Usuario","042 KB4 Carga"
"kb4_cel_043","kb4_cel_043@celepar.pr.gov.br","Usuario","043 KB4 Carga"
"kb4_cel_044","kb4_cel_044@celepar.pr.gov.br","Usuario","044 KB4 Carga"
"kb4_cel_045","kb4_cel_045@celepar.pr.gov.br","Usuario","045 KB4 Carga"
"kb4_cel_046","kb4_cel_046@celepar.pr.gov.br","Usuario","046 KB4 Carga"
"kb4_cel_047","kb4_cel_047@celepar.pr.gov.br","Usuario","047 KB4 Carga"
"kb4_cel_048","kb4_cel_048@celepar.pr.gov.br","Usuario","048 KB4 Carga"
"kb4_cel_049","kb4_cel_049@celepar.pr.gov.br","Usuario","049 KB4 Carga"
"kb4_cel_050","kb4_cel_050@celepar.pr.gov.br","Usuario","050 KB4 Carga"
"kb4_cel_051","kb4_cel_051@celepar.pr.gov.br","Usuario","051 KB4 Carga"
"kb4_cel_052","kb4_cel_052@celepar.pr.gov.br","Usuario","052 KB4 Carga"
"kb4_cel_053","kb4_cel_053@celepar.pr.gov.br","Usuario","053 KB4 Carga"
"kb4_cel_054","kb4_cel_054@celepar.pr.gov.br","Usuario","054 KB4 Carga"
"kb4_cel_055","kb4_cel_055@celepar.pr.gov.br","Usuario","055 KB4 Carga"
"kb4_cel_056","kb4_cel_056@celepar.pr.gov.br","Usuario","056 KB4 Carga"
"kb4_cel_057","kb4_cel_057@celepar.pr.gov.br","Usuario","057 KB4 Carga"
"kb4_cel_058","kb4_cel_058@celepar.pr.gov.br","Usuario","058 KB4 Carga"
"kb4_cel_059","kb4_cel_059@celepar.pr.gov.br","Usuario","059 KB4 Carga"
"kb4_cel_060","kb4_cel_060@celepar.pr.gov.br","Usuario","060 KB4 Carga"
"kb4_cel_061","kb4_cel_061@celepar.pr.gov.br","Usuario","061 KB4 Carga"
"kb4_cel_062","kb4_cel_062@celepar.pr.gov.br","Usuario","062 KB4 Carga"
"kb4_cel_063","kb4_cel_063@celepar.pr.gov.br","Usuario","063 KB4 Carga"
"kb4_cel_064","kb4_cel_064@celepar.pr.gov.br","Usuario","064 KB4 Carga"
"kb4_cel_065","kb4_cel_065@celepar.pr.gov.br","Usuario","065 KB4 Carga"
"kb4_cel_066","kb4_cel_066@celepar.pr.gov.br","Usuario","066 KB4 Carga"
"kb4_cel_067","kb4_cel_067@celepar.pr.gov.br","Usuario","067 KB4 Carga"
"kb4_cel_068","kb4_cel_068@celepar.pr.gov.br","Usuario","068 KB4 Carga"
"kb4_cel_069","kb4_cel_069@celepar.pr.gov.br","Usuario","069 KB4 Carga"
"kb4_cel_070","kb4_cel_070@celepar.pr.gov.br","Usuario","070 KB4 Carga"
"kb4_cel_071","kb4_cel_071@celepar.pr.gov.br","Usuario","071 KB4 Carga"
"kb4_cel_072","kb4_cel_072@celepar.pr.gov.br","Usuario","072 KB4 Carga"
"kb4_cel_073","kb4_cel_073@celepar.pr.gov.br","Usuario","073 KB4 Carga"
"kb4_cel_074","kb4_cel_074@celepar.pr.gov.br","Usuario","074 KB4 Carga"
"kb4_cel_075","kb4_cel_075@celepar.pr.gov.br","Usuario","075 KB4 Carga"
"kb4_cel_076","kb4_cel_076@celepar.pr.gov.br","Usuario","076 KB4 Carga"
"kb4_cel_077","kb4_cel_077@celepar.pr.gov.br","Usuario","077 KB4 Carga"
"kb4_cel_078","kb4_cel_078@celepar.pr.gov.br","Usuario","078 KB4 Carga"
"kb4_cel_079","kb4_cel_079@celepar.pr.gov.br","Usuario","079 KB4 Carga"
"kb4_cel_080","kb4_cel_080@celepar.pr.gov.br","Usuario","080 KB4 Carga"
"kb4_cel_081","kb4_cel_081@celepar.pr.gov.br","Usuario","081 KB4 Carga"
"kb4_cel_082","kb4_cel_082@celepar.pr.gov.br","Usuario","082 KB4 Carga"
"kb4_cel_083","kb4_cel_083@celepar.pr.gov.br","Usuario","083 KB4 Carga"
"kb4_cel_084","kb4_cel_084@celepar.pr.gov.br","Usuario","084 KB4 Carga"
"kb4_cel_085","kb4_cel_085@celepar.pr.gov.br","Usuario","085 KB4 Carga"
"kb4_cel_086","kb4_cel_086@celepar.pr.gov.br","Usuario","086 KB4 Carga"
"kb4_cel_087","kb4_cel_087@celepar.pr.gov.br","Usuario","087 KB4 Carga"
"kb4_cel_088","kb4_cel_088@celepar.pr.gov.br","Usuario","088 KB4 Carga"
"kb4_cel_089","kb4_cel_089@celepar.pr.gov.br","Usuario","089 KB4 Carga"
"kb4_cel_090","kb4_cel_090@celepar.pr.gov.br","Usuario","090 KB4 Carga"
"kb4_cel_091","kb4_cel_091@celepar.pr.gov.br","Usuario","091 KB4 Carga"
"kb4_cel_092","kb4_cel_092@celepar.pr.gov.br","Usuario","092 KB4 Carga"
"kb4_cel_093","kb4_cel_093@celepar.pr.gov.br","Usuario","093 KB4 Carga"
"kb4_cel_094","kb4_cel_094@celepar.pr.gov.br","Usuario","094 KB4 Carga"
"kb4_cel_095","kb4_cel_095@celepar.pr.gov.br","Usuario","095 KB4 Carga"
"kb4_cel_096","kb4_cel_096@celepar.pr.gov.br","Usuario","096 KB4 Carga"
"kb4_cel_097","kb4_cel_097@celepar.pr.gov.br","Usuario","097 KB4 Carga"
"kb4_cel_098","kb4_cel_098@celepar.pr.gov.br","Usuario","098 KB4 Carga"
"kb4_cel_099","kb4_cel_099@celepar.pr.gov.br","Usuario","099 KB4 Carga"
"kb4_cel_100","kb4_cel_100@celepar.pr.gov.br","Usuario","100 KB4 Carga"
"kb4_cel_101","kb4_cel_101@celepar.pr.gov.br","Usuario","101 KB4 Carga"
"kb4_cel_102","kb4_cel_102@celepar.pr.gov.br","Usuario","102 KB4 Carga"
"kb4_cel_103","kb4_cel_103@celepar.pr.gov.br","Usuario","103 KB4 Carga"
"kb4_cel_104","kb4_cel_104@celepar.pr.gov.br","Usuario","104 KB4 Carga"
"kb4_cel_105","kb4_cel_105@celepar.pr.gov.br","Usuario","105 KB4 Carga"
"kb4_cel_106","kb4_cel_106@celepar.pr.gov.br","Usuario","106 KB4 Carga"
"kb4_cel_107","kb4_cel_107@celepar.pr.gov.br","Usuario","107 KB4 Carga"
"kb4_cel_108","kb4_cel_108@celepar.pr.gov.br","Usuario","108 KB4 Carga"
"kb4_cel_109","kb4_cel_109@celepar.pr.gov.br","Usuario","109 KB4 Carga"
"kb4_cel_110","kb4_cel_110@celepar.pr.gov.br","Usuario","110 KB4 Carga"
"kb4_cel_111","kb4_cel_111@celepar.pr.gov.br","Usuario","111 KB4 Carga"
"kb4_cel_112","kb4_cel_112@celepar.pr.gov.br","Usuario","112 KB4 Carga"
"kb4_cel_113","kb4_cel_113@celepar.pr.gov.br","Usuario","113 KB4 Carga"
"kb4_cel_114","kb4_cel_114@celepar.pr.gov.br","Usuario","114 KB4 Carga"
"kb4_cel_115","kb4_cel_115@celepar.pr.gov.br","Usuario","115 KB4 Carga"
"kb4_cel_116","kb4_cel_116@celepar.pr.gov.br","Usuario","116 KB4 Carga"
"kb4_cel_117","kb4_cel_117@celepar.pr.gov.br","Usuario","117 KB4 Carga"
"kb4_cel_118","kb4_cel_118@celepar.pr.gov.br","Usuario","118 KB4 Carga"
"kb4_cel_119","kb4_cel_119@celepar.pr.gov.br","Usuario","119 KB4 Carga"
"kb4_cel_120","kb4_cel_120@celepar.pr.gov.br","Usuario","120 KB4 Carga"
"kb4_cel_121","kb4_cel_121@celepar.pr.gov.br","Usuario","121 KB4 Carga"
"kb4_cel_122","kb4_cel_122@celepar.pr.gov.br","Usuario","122 KB4 Carga"
"kb4_cel_123","kb4_cel_123@celepar.pr.gov.br","Usuario","123 KB4 Carga"
"kb4_cel_124","kb4_cel_124@celepar.pr.gov.br","Usuario","124 KB4 Carga"
"kb4_cel_125","kb4_cel_125@celepar.pr.gov.br","Usuario","125 KB4 Carga"
"kb4_cel_126","kb4_cel_126@celepar.pr.gov.br","Usuario","126 KB4 Carga"
"kb4_cel_127","kb4_cel_127@celepar.pr.gov.br","Usuario","127 KB4 Carga"
"kb4_cel_128","kb4_cel_128@celepar.pr.gov.br","Usuario","128 KB4 Carga"
"kb4_cel_129","kb4_cel_129@celepar.pr.gov.br","Usuario","129 KB4 Carga"
"kb4_cel_130","kb4_cel_130@celepar.pr.gov.br","Usuario","130 KB4 Carga"
"kb4_cel_131","kb4_cel_131@celepar.pr.gov.br","Usuario","131 KB4 Carga"
"kb4_cel_132","kb4_cel_132@celepar.pr.gov.br","Usuario","132 KB4 Carga"
"kb4_cel_133","kb4_cel_133@celepar.pr.gov.br","Usuario","133 KB4 Carga"
"kb4_cel_134","kb4_cel_134@celepar.pr.gov.br","Usuario","134 KB4 Carga"
"kb4_cel_135","kb4_cel_135@celepar.pr.gov.br","Usuario","135 KB4 Carga"
"kb4_cel_136","kb4_cel_136@celepar.pr.gov.br","Usuario","136 KB4 Carga"
"kb4_cel_137","kb4_cel_137@celepar.pr.gov.br","Usuario","137 KB4 Carga"
"kb4_cel_138","kb4_cel_138@celepar.pr.gov.br","Usuario","138 KB4 Carga"
"kb4_cel_139","kb4_cel_139@celepar.pr.gov.br","Usuario","139 KB4 Carga"
"kb4_cel_140","kb4_cel_140@celepar.pr.gov.br","Usuario","140 KB4 Carga"
"kb4_cel_141","kb4_cel_141@celepar.pr.gov.br","Usuario","141 KB4 Carga"
"kb4_cel_142","kb4_cel_142@celepar.pr.gov.br","Usuario","142 KB4 Carga"
"kb4_cel_143","kb4_cel_143@celepar.pr.gov.br","Usuario","143 KB4 Carga"
"kb4_cel_144","kb4_cel_144@celepar.pr.gov.br","Usuario","144 KB4 Carga"
"kb4_cel_145","kb4_cel_145@celepar.pr.gov.br","Usuario","145 KB4 Carga"
"kb4_cel_146","kb4_cel_146@celepar.pr.gov.br","Usuario","146 KB4 Carga"
"kb4_cel_147","kb4_cel_147@celepar.pr.gov.br","Usuario","147 KB4 Carga"
"kb4_cel_148","kb4_cel_148@celepar.pr.gov.br","Usuario","148 KB4 Carga"
"kb4_cel_149","kb4_cel_149@celepar.pr.gov.br","Usuario","149 KB4 Carga"
"kb4_cel_150","kb4_cel_150@celepar.pr.gov.br","Usuario","150 KB4 Carga"
"kb4_cel_151","kb4_cel_151@celepar.pr.gov.br","Usuario","151 KB4 Carga"
"kb4_cel_152","kb4_cel_152@celepar.pr.gov.br","Usuario","152 KB4 Carga"
"kb4_cel_153","kb4_cel_153@celepar.pr.gov.br","Usuario","153 KB4 Carga"
"kb4_cel_154","kb4_cel_154@celepar.pr.gov.br","Usuario","154 KB4 Carga"
"kb4_cel_155","kb4_cel_155@celepar.pr.gov.br","Usuario","155 KB4 Carga"
"kb4_cel_156","kb4_cel_156@celepar.pr.gov.br","Usuario","156 KB4 Carga"
"kb4_cel_157","kb4_cel_157@celepar.pr.gov.br","Usuario","157 KB4 Carga"
"kb4_cel_158","kb4_cel_158@celepar.pr.gov.br","Usuario","158 KB4 Carga"
"kb4_cel_159","kb4_cel_159@celepar.pr.gov.br","Usuario","159 KB4 Carga"
"kb4_cel_160","kb4_cel_160@celepar.pr.gov.br","Usuario","160 KB4 Carga"
"kb4_cel_161","kb4_cel_161@celepar.pr.gov.br","Usuario","161 KB4 Carga"
"kb4_cel_162","kb4_cel_162@celepar.pr.gov.br","Usuario","162 KB4 Carga"
"kb4_cel_163","kb4_cel_163@celepar.pr.gov.br","Usuario","163 KB4 Carga"
"kb4_cel_164","kb4_cel_164@celepar.pr.gov.br","Usuario","164 KB4 Carga"
"kb4_cel_165","kb4_cel_165@celepar.pr.gov.br","Usuario","165 KB4 Carga"
"kb4_cel_166","kb4_cel_166@celepar.pr.gov.br","Usuario","166 KB4 Carga"
"kb4_cel_167","kb4_cel_167@celepar.pr.gov.br","Usuario","167 KB4 Carga"
"kb4_cel_168","kb4_cel_168@celepar.pr.gov.br","Usuario","168 KB4 Carga"
"kb4_cel_169","kb4_cel_169@celepar.pr.gov.br","Usuario","169 KB4 Carga"
"kb4_cel_170","kb4_cel_170@celepar.pr.gov.br","Usuario","170 KB4 Carga"
"kb4_cel_171","kb4_cel_171@celepar.pr.gov.br","Usuario","171 KB4 Carga"
"kb4_cel_172","kb4_cel_172@celepar.pr.gov.br","Usuario","172 KB4 Carga"
"kb4_cel_173","kb4_cel_173@celepar.pr.gov.br","Usuario","173 KB4 Carga"
"kb4_cel_174","kb4_cel_174@celepar.pr.gov.br","Usuario","174 KB4 Carga"
"kb4_cel_175","kb4_cel_175@celepar.pr.gov.br","Usuario","175 KB4 Carga"
"kb4_cel_176","kb4_cel_176@celepar.pr.gov.br","Usuario","176 KB4 Carga"
"kb4_cel_177","kb4_cel_177@celepar.pr.gov.br","Usuario","177 KB4 Carga"
"kb4_cel_178","kb4_cel_178@celepar.pr.gov.br","Usuario","178 KB4 Carga"
"kb4_cel_179","kb4_cel_179@celepar.pr.gov.br","Usuario","179 KB4 Carga"
"kb4_cel_180","kb4_cel_180@celepar.pr.gov.br","Usuario","180 KB4 Carga"
"kb4_cel_181","kb4_cel_181@celepar.pr.gov.br","Usuario","181 KB4 Carga"
"kb4_cel_182","kb4_cel_182@celepar.pr.gov.br","Usuario","182 KB4 Carga"
"kb4_cel_183","kb4_cel_183@celepar.pr.gov.br","Usuario","183 KB4 Carga"
"kb4_cel_184","kb4_cel_184@celepar.pr.gov.br","Usuario","184 KB4 Carga"
"kb4_cel_185","kb4_cel_185@celepar.pr.gov.br","Usuario","185 KB4 Carga"
"kb4_cel_186","kb4_cel_186@celepar.pr.gov.br","Usuario","186 KB4 Carga"
"kb4_cel_187","kb4_cel_187@celepar.pr.gov.br","Usuario","187 KB4 Carga"
"kb4_cel_188","kb4_cel_188@celepar.pr.gov.br","Usuario","188 KB4 Carga"
"kb4_cel_189","kb4_cel_189@celepar.pr.gov.br","Usuario","189 KB4 Carga"
"kb4_cel_190","kb4_cel_190@celepar.pr.gov.br","Usuario","190 KB4 Carga"
"kb4_cel_191","kb4_cel_191@celepar.pr.gov.br","Usuario","191 KB4 Carga"
"kb4_cel_192","kb4_cel_192@celepar.pr.gov.br","Usuario","192 KB4 Carga"
"kb4_cel_193","kb4_cel_193@celepar.pr.gov.br","Usuario","193 KB4 Carga"
"kb4_cel_194","kb4_cel_194@celepar.pr.gov.br","Usuario","194 KB4 Carga"
"kb4_cel_195","kb4_cel_195@celepar.pr.gov.br","Usuario","195 KB4 Carga"
"kb4_cel_196","kb4_cel_196@celepar.pr.gov.br","Usuario","196 KB4 Carga"
"kb4_cel_197","kb4_cel_197@celepar.pr.gov.br","Usuario","197 KB4 Carga"
"kb4_cel_198","kb4_cel_198@celepar.pr.gov.br","Usuario","198 KB4 Carga"
"kb4_cel_199","kb4_cel_199@celepar.pr.gov.br","Usuario","199 KB4 Carga"
"kb4_cel_200","kb4_cel_200@celepar.pr.gov.br","Usuario","200 KB4 Carga"
